{
    "providers": [
        {
            "type": "bitmap",
            "file": "minecraft:ui/mana_empty.png",
            "ascent": -16,
            "height": 9,
            "chars": ["\uE000"]
        },
        {
            "type": "bitmap",
            "file": "minecraft:ui/mana_half.png",
            "ascent": -16,
            "height": 9,
            "chars": ["\uE001"]
        },
        {
            "type": "bitmap",
            "file": "minecraft:ui/mana_full.png",
            "ascent": -16,
            "height": 9,
            "chars": ["\uE002"]
        },
        {
            "type": "bitmap",
            "file": "minecraft:ui/mana_negative.png",
            "ascent": -16,
            "height": 9,
            "chars": ["\uE004"]
        },
        {
            "type": "bitmap",
            "file": "minecraft:ui/mana_cd.png",
            "ascent": -16,
            "height": 9,
            "chars": ["\uE003"]
        },
        {
            "type": "ttf",
            "file": "minecraft:negative_spaces.ttf",
            "shift": [0.0, 0.0],
            "size": 10.0,
            "oversample": 1.0
        }
    ]
}
